<?xml version='1.0' encoding='UTF-8'?>
<definitions name='CustomerData' targetNamespace='http://schemas.microsoft.com/clr/nsassem/RemoteObjects/RemoteObjects%2C%20Version%3D1.0.0.0%2C%20Culture%3Dneutral%2C%20PublicKeyToken%3Dnull'
            xmlns='http://schemas.xmlsoap.org/wsdl/'
            xmlns:tns='http://schemas.microsoft.com/clr/nsassem/RemoteObjects/RemoteObjects%2C%20Version%3D1.0.0.0%2C%20Culture%3Dneutral%2C%20PublicKeyToken%3Dnull'
            xmlns:xsd='http://www.w3.org/2001/XMLSchema'
            xmlns:xsi='http://www.w3.org/2001/XMLSchema-instance'
            xmlns:suds='http://www.w3.org/2000/wsdl/suds'
            xmlns:wsdl='http://schemas.xmlsoap.org/wsdl/'
            xmlns:soapenc='http://schemas.xmlsoap.org/soap/encoding/'
            xmlns:ns2='http://schemas.microsoft.com/clr/nsassem/RemoteObjects.CustomerData/RemoteObjects%2C%20Version%3D1.0.0.0%2C%20Culture%3Dneutral%2C%20PublicKeyToken%3Dnull'
            xmlns:ns4='http://schemas.microsoft.com/clr/nsassem/RemoteObjects.Customer/RemoteObjects%2C%20Version%3D1.0.0.0%2C%20Culture%3Dneutral%2C%20PublicKeyToken%3Dnull'
            xmlns:ns0='http://schemas.microsoft.com/clr/nsassem/RemoteObjects/RemoteObjects%2C%20Version%3D1.0.0.0%2C%20Culture%3Dneutral%2C%20PublicKeyToken%3Dnull'
            xmlns:ns1='http://schemas.microsoft.com/clr/ns/System'
            xmlns:ns3='http://schemas.microsoft.com/clr/ns/System.Collections'
            xmlns:soap='http://schemas.xmlsoap.org/wsdl/soap/'>

    <message name='CustomerData.CreateCustomerInput'>
    </message>
    <message name='CustomerData.CreateCustomerOutput'>
        <part name='return' type='ns0:Customer'/>
    </message>

    <message name='CustomerData.CreateCustomer1Input'>
        <part name='name' type='xsd:string'/>
        <part name='id' type='xsd:int'/>
    </message>
    <message name='CustomerData.CreateCustomer1Output'>
        <part name='return' type='ns0:Customer'/>
    </message>

    <message name='CustomerData.GetFromDatabaseInput'>
    </message>
    <message name='CustomerData.GetFromDatabaseOutput'>
        <part name='return' type='ns3:ArrayList'/>
    </message>

    <message name='CustomerData.AddToCollectionInput'>
        <part name='_cust' type='ns0:Customer'/>
    </message>
    <message name='CustomerData.AddToCollectionOutput'>
        <part name='return' type='xsd:boolean'/>
    </message>

    <message name='CustomerData.get_GetCustomersInput'>
    </message>
    <message name='CustomerData.get_GetCustomersOutput'>
        <part name='return' type='ns3:ArrayList'/>
    </message>

    <message name='CustomerData.GetOrderInput'>
    </message>
    <message name='CustomerData.GetOrderOutput'>
        <part name='return' type='xsd:string'/>
    </message>

    <portType name='CustomerDataPortType'>
        <operation name='CreateCustomer'>
            <input name='CreateCustomerRequest' message='tns:CustomerData.CreateCustomerInput'/>
            <output name='CreateCustomerResponse' message='tns:CustomerData.CreateCustomerOutput'/>
        </operation>
        <operation name='CreateCustomer' parameterOrder='name id'>
            <input name='CreateCustomer1Request' message='tns:CustomerData.CreateCustomer1Input'/>
            <output name='CreateCustomer1Response' message='tns:CustomerData.CreateCustomer1Output'/>
        </operation>
        <operation name='GetFromDatabase'>
            <input name='GetFromDatabaseRequest' message='tns:CustomerData.GetFromDatabaseInput'/>
            <output name='GetFromDatabaseResponse' message='tns:CustomerData.GetFromDatabaseOutput'/>
        </operation>
        <operation name='AddToCollection' parameterOrder='_cust'>
            <input name='AddToCollectionRequest' message='tns:CustomerData.AddToCollectionInput'/>
            <output name='AddToCollectionResponse' message='tns:CustomerData.AddToCollectionOutput'/>
        </operation>
        <operation name='get_GetCustomers'>
            <input name='get_GetCustomersRequest' message='tns:CustomerData.get_GetCustomersInput'/>
            <output name='get_GetCustomersResponse' message='tns:CustomerData.get_GetCustomersOutput'/>
        </operation>
        <operation name='GetOrder'>
            <input name='GetOrderRequest' message='tns:CustomerData.GetOrderInput'/>
            <output name='GetOrderResponse' message='tns:CustomerData.GetOrderOutput'/>
        </operation>
    </portType>

    <binding name='CustomerDataBinding' type='tns:CustomerDataPortType'>
        <soap:binding style='rpc' transport='http://schemas.xmlsoap.org/soap/http'/>
        <suds:class type='ns0:CustomerData' rootType='MarshalByRefObject'>
        </suds:class>
        <operation name='CreateCustomer'>
            <soap:operation soapAction='http://schemas.microsoft.com/clr/nsassem/RemoteObjects.CustomerData/RemoteObjects#CreateCustomer'/>
            <suds:method attributes='public'/>
            <input name='CreateCustomerRequest'>
                <soap:body use='encoded' encodingStyle='http://schemas.xmlsoap.org/soap/encoding/' namespace='http://schemas.microsoft.com/clr/nsassem/RemoteObjects.CustomerData/RemoteObjects'/>
            </input>
            <output name='CreateCustomerResponse'>
                <soap:body use='encoded' encodingStyle='http://schemas.xmlsoap.org/soap/encoding/' namespace='http://schemas.microsoft.com/clr/nsassem/RemoteObjects.CustomerData/RemoteObjects'/>
            </output>
        </operation>
        <operation name='CreateCustomer'>
            <soap:operation soapAction='http://schemas.microsoft.com/clr/nsassem/RemoteObjects.CustomerData/RemoteObjects#CreateCustomer'/>
            <suds:method attributes='public'/>
            <input name='CreateCustomer1Request'>
                <soap:body use='encoded' encodingStyle='http://schemas.xmlsoap.org/soap/encoding/' namespace='http://schemas.microsoft.com/clr/nsassem/RemoteObjects.CustomerData/RemoteObjects'/>
            </input>
            <output name='CreateCustomer1Response'>
                <soap:body use='encoded' encodingStyle='http://schemas.xmlsoap.org/soap/encoding/' namespace='http://schemas.microsoft.com/clr/nsassem/RemoteObjects.CustomerData/RemoteObjects'/>
            </output>
        </operation>
        <operation name='GetFromDatabase'>
            <soap:operation soapAction='http://schemas.microsoft.com/clr/nsassem/RemoteObjects.CustomerData/RemoteObjects#GetFromDatabase'/>
            <suds:method attributes='public'/>
            <input name='GetFromDatabaseRequest'>
                <soap:body use='encoded' encodingStyle='http://schemas.xmlsoap.org/soap/encoding/' namespace='http://schemas.microsoft.com/clr/nsassem/RemoteObjects.CustomerData/RemoteObjects'/>
            </input>
            <output name='GetFromDatabaseResponse'>
                <soap:body use='encoded' encodingStyle='http://schemas.xmlsoap.org/soap/encoding/' namespace='http://schemas.microsoft.com/clr/nsassem/RemoteObjects.CustomerData/RemoteObjects'/>
            </output>
        </operation>
        <operation name='AddToCollection'>
            <soap:operation soapAction='http://schemas.microsoft.com/clr/nsassem/RemoteObjects.CustomerData/RemoteObjects#AddToCollection'/>
            <suds:method attributes='public'/>
            <input name='AddToCollectionRequest'>
                <soap:body use='encoded' encodingStyle='http://schemas.xmlsoap.org/soap/encoding/' namespace='http://schemas.microsoft.com/clr/nsassem/RemoteObjects.CustomerData/RemoteObjects'/>
            </input>
            <output name='AddToCollectionResponse'>
                <soap:body use='encoded' encodingStyle='http://schemas.xmlsoap.org/soap/encoding/' namespace='http://schemas.microsoft.com/clr/nsassem/RemoteObjects.CustomerData/RemoteObjects'/>
            </output>
        </operation>
        <operation name='get_GetCustomers'>
            <soap:operation soapAction='http://schemas.microsoft.com/clr/nsassem/RemoteObjects.CustomerData/RemoteObjects#get_GetCustomers'/>
            <suds:method attributes='public'/>
            <input name='get_GetCustomersRequest'>
                <soap:body use='encoded' encodingStyle='http://schemas.xmlsoap.org/soap/encoding/' namespace='http://schemas.microsoft.com/clr/nsassem/RemoteObjects.CustomerData/RemoteObjects'/>
            </input>
            <output name='get_GetCustomersResponse'>
                <soap:body use='encoded' encodingStyle='http://schemas.xmlsoap.org/soap/encoding/' namespace='http://schemas.microsoft.com/clr/nsassem/RemoteObjects.CustomerData/RemoteObjects'/>
            </output>
        </operation>
        <operation name='GetOrder'>
            <soap:operation soapAction='http://schemas.microsoft.com/clr/nsassem/RemoteObjects.CustomerData/RemoteObjects#GetOrder'/>
            <suds:method attributes='public'/>
            <input name='GetOrderRequest'>
                <soap:body use='encoded' encodingStyle='http://schemas.xmlsoap.org/soap/encoding/' namespace='http://schemas.microsoft.com/clr/nsassem/RemoteObjects.CustomerData/RemoteObjects'/>
            </input>
            <output name='GetOrderResponse'>
                <soap:body use='encoded' encodingStyle='http://schemas.xmlsoap.org/soap/encoding/' namespace='http://schemas.microsoft.com/clr/nsassem/RemoteObjects.CustomerData/RemoteObjects'/>
            </output>
        </operation>
    </binding>

    <message name='Customer.get_NameInput'>
    </message>
    <message name='Customer.get_NameOutput'>
        <part name='return' type='xsd:string'/>
    </message>

    <message name='Customer.set_NameInput'>
        <part name='value' type='xsd:string'/>
    </message>
    <message name='Customer.set_NameOutput'>
    </message>

    <message name='Customer.get_IDInput'>
    </message>
    <message name='Customer.get_IDOutput'>
        <part name='return' type='xsd:int'/>
    </message>

    <message name='Customer.set_IDInput'>
        <part name='value' type='xsd:int'/>
    </message>
    <message name='Customer.set_IDOutput'>
    </message>

    <message name='Customer.ToStringInput'>
    </message>
    <message name='Customer.ToStringOutput'>
        <part name='return' type='xsd:string'/>
    </message>

    <message name='Customer.HelloInput'>
        <part name='msg' type='xsd:string'/>
    </message>
    <message name='Customer.HelloOutput'>
        <part name='return' type='xsd:string'/>
    </message>

    <portType name='CustomerPortType'>
        <operation name='get_Name'>
            <input name='get_NameRequest' message='tns:Customer.get_NameInput'/>
            <output name='get_NameResponse' message='tns:Customer.get_NameOutput'/>
        </operation>
        <operation name='set_Name' parameterOrder='value'>
            <input name='set_NameRequest' message='tns:Customer.set_NameInput'/>
            <output name='set_NameResponse' message='tns:Customer.set_NameOutput'/>
        </operation>
        <operation name='get_ID'>
            <input name='get_IDRequest' message='tns:Customer.get_IDInput'/>
            <output name='get_IDResponse' message='tns:Customer.get_IDOutput'/>
        </operation>
        <operation name='set_ID' parameterOrder='value'>
            <input name='set_IDRequest' message='tns:Customer.set_IDInput'/>
            <output name='set_IDResponse' message='tns:Customer.set_IDOutput'/>
        </operation>
        <operation name='ToString'>
            <input name='ToStringRequest' message='tns:Customer.ToStringInput'/>
            <output name='ToStringResponse' message='tns:Customer.ToStringOutput'/>
        </operation>
        <operation name='Hello' parameterOrder='msg'>
            <input name='HelloRequest' message='tns:Customer.HelloInput'/>
            <output name='HelloResponse' message='tns:Customer.HelloOutput'/>
        </operation>
    </portType>

    <binding name='CustomerBinding' type='tns:CustomerPortType'>
        <soap:binding style='rpc' transport='http://schemas.xmlsoap.org/soap/http'/>
        <suds:class type='ns0:Customer' rootType='MarshalByRefObject'>
        </suds:class>
        <operation name='get_Name'>
            <soap:operation soapAction='http://schemas.microsoft.com/clr/nsassem/RemoteObjects.Customer/RemoteObjects#get_Name'/>
            <suds:method attributes='public'/>
            <input name='get_NameRequest'>
                <soap:body use='encoded' encodingStyle='http://schemas.xmlsoap.org/soap/encoding/' namespace='http://schemas.microsoft.com/clr/nsassem/RemoteObjects.Customer/RemoteObjects'/>
            </input>
            <output name='get_NameResponse'>
                <soap:body use='encoded' encodingStyle='http://schemas.xmlsoap.org/soap/encoding/' namespace='http://schemas.microsoft.com/clr/nsassem/RemoteObjects.Customer/RemoteObjects'/>
            </output>
        </operation>
        <operation name='set_Name'>
            <soap:operation soapAction='http://schemas.microsoft.com/clr/nsassem/RemoteObjects.Customer/RemoteObjects#set_Name'/>
            <suds:method attributes='public'/>
            <input name='set_NameRequest'>
                <soap:body use='encoded' encodingStyle='http://schemas.xmlsoap.org/soap/encoding/' namespace='http://schemas.microsoft.com/clr/nsassem/RemoteObjects.Customer/RemoteObjects'/>
            </input>
            <output name='set_NameResponse'>
                <soap:body use='encoded' encodingStyle='http://schemas.xmlsoap.org/soap/encoding/' namespace='http://schemas.microsoft.com/clr/nsassem/RemoteObjects.Customer/RemoteObjects'/>
            </output>
        </operation>
        <operation name='get_ID'>
            <soap:operation soapAction='http://schemas.microsoft.com/clr/nsassem/RemoteObjects.Customer/RemoteObjects#get_ID'/>
            <suds:method attributes='public'/>
            <input name='get_IDRequest'>
                <soap:body use='encoded' encodingStyle='http://schemas.xmlsoap.org/soap/encoding/' namespace='http://schemas.microsoft.com/clr/nsassem/RemoteObjects.Customer/RemoteObjects'/>
            </input>
            <output name='get_IDResponse'>
                <soap:body use='encoded' encodingStyle='http://schemas.xmlsoap.org/soap/encoding/' namespace='http://schemas.microsoft.com/clr/nsassem/RemoteObjects.Customer/RemoteObjects'/>
            </output>
        </operation>
        <operation name='set_ID'>
            <soap:operation soapAction='http://schemas.microsoft.com/clr/nsassem/RemoteObjects.Customer/RemoteObjects#set_ID'/>
            <suds:method attributes='public'/>
            <input name='set_IDRequest'>
                <soap:body use='encoded' encodingStyle='http://schemas.xmlsoap.org/soap/encoding/' namespace='http://schemas.microsoft.com/clr/nsassem/RemoteObjects.Customer/RemoteObjects'/>
            </input>
            <output name='set_IDResponse'>
                <soap:body use='encoded' encodingStyle='http://schemas.xmlsoap.org/soap/encoding/' namespace='http://schemas.microsoft.com/clr/nsassem/RemoteObjects.Customer/RemoteObjects'/>
            </output>
        </operation>
        <operation name='ToString'>
            <soap:operation soapAction='http://schemas.microsoft.com/clr/nsassem/RemoteObjects.Customer/RemoteObjects#ToString'/>
            <suds:method attributes='public virtual'/>
            <input name='ToStringRequest'>
                <soap:body use='encoded' encodingStyle='http://schemas.xmlsoap.org/soap/encoding/' namespace='http://schemas.microsoft.com/clr/nsassem/RemoteObjects.Customer/RemoteObjects'/>
            </input>
            <output name='ToStringResponse'>
                <soap:body use='encoded' encodingStyle='http://schemas.xmlsoap.org/soap/encoding/' namespace='http://schemas.microsoft.com/clr/nsassem/RemoteObjects.Customer/RemoteObjects'/>
            </output>
        </operation>
        <operation name='Hello'>
            <soap:operation soapAction='http://schemas.microsoft.com/clr/nsassem/RemoteObjects.Customer/RemoteObjects#Hello'/>
            <suds:method attributes='public'/>
            <input name='HelloRequest'>
                <soap:body use='encoded' encodingStyle='http://schemas.xmlsoap.org/soap/encoding/' namespace='http://schemas.microsoft.com/clr/nsassem/RemoteObjects.Customer/RemoteObjects'/>
            </input>
            <output name='HelloResponse'>
                <soap:body use='encoded' encodingStyle='http://schemas.xmlsoap.org/soap/encoding/' namespace='http://schemas.microsoft.com/clr/nsassem/RemoteObjects.Customer/RemoteObjects'/>
            </output>
        </operation>
    </binding>

    <service name='CustomerDataService'>
        <port name='CustomerDataPort' binding='tns:CustomerDataBinding'>
            <soap:address location='http://localhost:8088/CustomerData'/>
        </port>
    </service>
</definitions>
